﻿<?xml version="1.0" encoding="utf-8"?>
<config>
	<globalSymbol name="LogFilePath">D:\LexisNexisBridger5\Logs</globalSymbol>

	<!-- Database Connection strings -->
	<globalSymbol name="DatabaseConnections">
		<add name="Common" connectionString="Data Source=KIOBANQALXBD210,1433; User Id=sa; Password=Adm1n1str4t0r; Initial Catalog=BridgerRFCommon;MultipleActiveResultSets=False;persistsecurityinfo=True;" providerName="System.Data.SqlClient" />
		<add name="Misc" connectionString="Data Source=KIOBANQALXBD210,1433; User Id=sa; Password=Adm1n1str4t0r;Initial Catalog=BridgerRFMisc;MultipleActiveResultSets=False;persistsecurityinfo=True;" providerName="System.Data.SqlClient" />
		<add name="System" connectionString="Data Source=KIOBANQALXBD210,1433; User Id=sa; Password=Adm1n1str4t0r;Initial Catalog=BridgerRF;MultipleActiveResultSets=False;persistsecurityinfo=True;" providerName="System.Data.SqlClient" />
		<add name="System_Report" connectionString="Data Source=KIOBANQALXBD210,1433; User Id=sa; Password=Adm1n1str4t0r;Initial Catalog=BridgerRF;MultipleActiveResultSets=False;persistsecurityinfo=True;" providerName="System.Data.SqlClient" />
		<add name="System_Report_ReadOnly" connectionString="Data Source=KIOBANQALXBD210,1433; User Id=sa; Password=Adm1n1str4t0r;Initial Catalog=BridgerRF;MultipleActiveResultSets=False;persistsecurityinfo=True;" providerName="System.Data.SqlClient" />
		<add name="Logging" connectionString="Data Source=KIOBANQALXBD210,1433; User Id=sa; Password=Adm1n1str4t0r;Initial Catalog=BridgerRFMisc;MultipleActiveResultSets=False;persistsecurityinfo=True;" providerName="System.Data.SqlClient" />
	</globalSymbol>

	<section name="restBatchSettings">
		<symbol name="DatabaseConnections">
			<add name="Common" connectionString="Data Source=KIOBANQALXBD210,1433; User Id=sa; Password=Adm1n1str4t0r;Initial Catalog=BridgerRFCommon;MultipleActiveResultSets=False;persistsecurityinfo=True;" providerName="System.Data.SqlClient" />
			<add name="Misc" connectionString="Data Source=KIOBANQALXBD210,1433; User Id=sa; Password=Adm1n1str4t0r;Initial Catalog=BridgerRFMisc;MultipleActiveResultSets=False;persistsecurityinfo=True;" providerName="System.Data.SqlClient" />
			<add name="System" connectionString="Data Source=KIOBANQALXBD210,1433; User Id=sa; Password=Adm1n1str4t0r;Initial Catalog=BridgerRF;MultipleActiveResultSets=False;persistsecurityinfo=True;" providerName="System.Data.SqlClient" />
			<add name="System_Report" connectionString="Data Source=KIOBANQALXBD210,1433; User Id=sa; Password=Adm1n1str4t0r;Initial Catalog=BridgerRF;MultipleActiveResultSets=False;persistsecurityinfo=True;" providerName="System.Data.SqlClient" />
			<add name="System_Report_ReadOnly" connectionString="Data Source=KIOBANQALXBD210,1433; User Id=sa; Password=Adm1n1str4t0r;Initial Catalog=BridgerRF;MultipleActiveResultSets=False;persistsecurityinfo=True;" providerName="System.Data.SqlClient" />
			<add name="Logging" connectionString="Data Source=KIOBANQALXBD210,1433; User Id=sa; Password=Adm1n1str4t0r;Initial Catalog=BridgerRFMisc;MultipleActiveResultSets=False;persistsecurityinfo=True;" providerName="System.Data.SqlClient" />
		</symbol>
		<symbol name="SearchCoreWLUrl">http://KIOBANQALXSC209.produccion.bancoazteca:7001/WsSearchCore?ver_=1</symbol>
		<symbol name="SearchCoreCWLUrl">http://KIOBANQALXSC209.produccion.bancoazteca:7002/WsSearchCore?ver_=1</symbol>
	</section>

	<!-- Cache Configuration -->
	<globalSymbol name="CacheConfiguration">
		<cache use="database">
			<compress value="true" />
			<database>
				<connection>
					<name value="Misc" />
				</connection>
			</database>
		</cache>
	</globalSymbol>

	<!-- Proxy Configurations -->
	<globalSymbol name="DefaultProxyConfiguration">
		<!-- example default proxy if desired in a DMZ environment:
		<defaultProxy>
			<proxy proxyaddress="http://hostname:80" />
			<bypasslist>
				<add address="hostname*" />
				<add address="123\.0\.\d{1,3}\.\d{1,3}" />
			</bypasslist>
		</defaultProxy>-->
	</globalSymbol>

	<!-- Global -->
	<globalSymbol  name="OfflineMode">false</globalSymbol>
	<globalSymbol  name="UseLocalAssets">true</globalSymbol>
	<globalSymbol  name="UseXForwardedFor">true</globalSymbol>
	<globalSymbol  name="AuthenticationTokenUseDB">true</globalSymbol>
	<globalSymbol  name="AuthenticationTokenAgeTimeout">0</globalSymbol>
	<globalSymbol  name="UseThrottledEmailListener">false</globalSymbol>
	<globalSymbol  name="EnableFpr">true</globalSymbol>
	<globalSymbol  name="EnableNewResultView">false</globalSymbol>
	<globalSymbol  name="UseMatchIndicatorRange">false</globalSymbol>
	<globalSymbol name="UseInquiryTracking">false</globalSymbol>
  <globalSymbol name="SearchCoreApiUrl"></globalSymbol>
  <globalSymbol name="EnableRestfulSearch">false</globalSymbol>
  <globalSymbol name="SearchTimeout">30</globalSymbol>

	<!--JWT Authentication -->
	<globalSymbol  name="JwtAzureADClientId">194122c0-89d0-40bd-a906-08dc90e0a796</globalSymbol>
	<globalSymbol  name="JwtAzureADTenant">bridgertest.onmicrosoft.com</globalSymbol>
	<globalSymbol  name="JwtAzureADAudience">https://bridgertest.onmicrosoft.com/TodoListService-ManualJwt</globalSymbol>
	<globalSymbol  name="JwtAzureADInstance">https://login.microsoftonline.com/{0}</globalSymbol>
	<globalSymbol  name="UseJwtAzureADTokenAuthentication">false</globalSymbol>
	<globalSymbol  name="UseJwtAzureEmailVerification">false</globalSymbol>
	<globalSymbol  name="UseAppPoolIdentity">false</globalSymbol>

	<!-- SMTP Servers -->
	<globalSymbol  name="SMTPPrimaryServer">enter-mail-server-here</globalSymbol>
	<globalSymbol  name="NotificationTo">bridger_notificacionesqa@elektra.com.mx</globalSymbol>
	<globalSymbol  name="NotificationFrom">bridger_notificacionesqa@elektra.com.mx</globalSymbol>
	<globalSymbol  name="SMTPServerPort">25</globalSymbol>
	<globalSymbol  name="SMTPServerSSL">false</globalSymbol>

	<!-- BDDS -->
	<globalSymbol name="BDDSUrl">https://updatesxg.bridgerinsight.lexisnexis.com/WatchListManagerWebService.asmx/stream</globalSymbol>
	<globalSymbol name="BDDSBindingConfig">WatchListManagerWebServiceStream</globalSymbol>
	<globalSymbol name="BDDSUrl2">https://updatesxg.bridgerinsight.lexisnexis.com/BDDService.svc</globalSymbol>
	<globalSymbol name="BDDSBindingConfig2">BasicHttpBinding_IBDDService</globalSymbol>
	<globalSymbol name="BDDSSoapUrl">https://updatesxg.bridgerinsight.lexisnexis.com/WatchListManagerWebService.asmx</globalSymbol>
	<globalSymbol name="BDDSSoapBindingConfig">WatchListManagerWebServiceSoap</globalSymbol>


	<!-- Search Core -->
	<globalSymbol name="SearchCoreUserId">bridger_dev</globalSymbol>
	<globalSymbol name="SearchCorePassword">NoMoreBugs!</globalSymbol>
	<globalSymbol name="SearchCoreSshPassPhrase">WsSearchCore</globalSymbol>
	
	<globalSymbol name="BridgerDataFiles">D:\LexisNexisBridger5\DataFiles\BridgerDataFiles</globalSymbol>
    <globalSymbol name="BridgerCustomDataFiles">D:\LexisNexisBridger5\DataFiles\BridgerCustomDataFiles</globalSymbol>
    <globalSymbol name="SearchCoreLogs">D:\LexisNexisBridger5\Logs\EspWL</globalSymbol>
    <globalSymbol name="SearchCoreCustomLogs">D:\LexisNexisBridger5\Logs\EspCWL</globalSymbol>
	
	<globalSymbol name="SearchCoreWLUrl">http://KIOBANQALXWB206.produccion.bancoazteca:7001/WsSearchCore?ver_=1</globalSymbol>
	<globalSymbol name="SearchCoreCWLUrl">http://KIOBANQALXWB206.produccion.bancoazteca:7002/WsSearchCore?ver_=1</globalSymbol>
	<globalSymbol name="SearchCoreBindingConfig">BasicAuthSoapServiceBinding</globalSymbol><!--BasicAuthHttpsSoapServiceBinding is also supported-->
	<globalSymbol name="WsSearchCoreBindingConfig">WsSearchCoreServiceSoap</globalSymbol><!--WsSearchCoreServiceHttpsSoap is also supported-->

	<globalSymbol name="SearchCoreWebBindingProtocol">http</globalSymbol><!--https is also supported-->
	<globalSymbol name="SearchCoreSslCertificatePath">SelfSigned.cer</globalSymbol>
	<globalSymbol name="SearchCoreSslPrivateKeyPath">SelfSignedPrivate.key</globalSymbol>

	<globalSymbol name="SearchCoreEspProtocolHttp">
		<EspProtocol name="http" type="http_protocol" plugin="esphttp" maxRequestEntityLength="8000000" />
	</globalSymbol>

	<globalSymbol name="SearchCoreEspProtocolHttps">
		<EspProtocol name="https" type="secure_http_protocol" plugin="esphttp" maxRequestEntityLength="8000000">
			<certificate>{{SearchCoreSslCertificatePath}}</certificate>
			<privatekey>{{SearchCoreSslPrivateKeyPath}}</privatekey>
			<passphrase/>
			<sslMinVersion>tls1.2</sslMinVersion>
			<cipherList>ECDH+AESGCM:DH+AESGCM:ECDH+AES256:DH+AES256:ECDH+AES128:DH+AES:ECDH+3DES:DH+3DES:RSA+AESGCM:RSA+AES:RSA+3DES:!aNULL:!MD5</cipherList>
			<verify enable="false" address_match="false" accept_selfsigned="true">
				<ca_certificates path="ca.pem"/>
				<trusted_peers>anyone</trusted_peers>
			</verify>
		</EspProtocol>
	</globalSymbol>

	<globalSymbol name="SearchCoreBinding">
		<EspBinding name="{{SearchCoreBindingName}}" service="WsSearchCore" protocol="{{SearchCoreWebBindingProtocol}}" type="WsSearchCoreSoapBinding" plugin="WsSearchCore" netAddress="0.0.0.0" port="{{SearchCoreBindingPort}}" defaultBinding="true" soapFaultNsVersion="1.65">
			<Authenticate method="ConfigSecurity" config="configsecurity" workunitsBasedn="ou=workunits,ou=ecl">
				<Location path="/" objectclass="User Options" resource="EnableSOAPInterface" required="Read" description="Root access to WsSearchCore service"/>
				<Feature name="" path="AllowLoadDataFile" objectclass="AccurintAccess" resource="AllowLoadDataFile" required="Read" description="Access to LoadDataFile"/>
				<Feature name="" path="AllowUnloadDataFile" objectclass="AccurintAccess" resource="AllowUnloadDataFile" required="Read" description="Access to UnloadDataFile"/>
				<Feature name="" path="AllowGetDataFileList" objectclass="AccurintAccess" resource="AllowGetDataFileList" required="Read" description="Access to GetDataFileList"/>
				<Feature name="" path="AllowSearch" objectclass="AccurintAccess" resource="AllowSearch" required="Read" description="Access to Search"/>
				<Feature name="" path="AllowSearchID" objectclass="AccurintAccess" resource="AllowSearchID" required="Read" description="Access to SearchID"/>
				<Feature name="" path="AllowCompare" objectclass="AccurintAccess" resource="AllowCompare" required="Read" description="Access to Compare"/>
			</Authenticate>
		</EspBinding>
	</globalSymbol>

	<!-- SearchCore Memory Offloading [Dev Feature] -->
	<globalSymbol name="SearchCoreEspMemoryOffloadEntities">false</globalSymbol>

	<!-- SearchCore AutoScaling / Health-Checks  -->
	<!-- SearchCoreEspWlmUrl is usually address of internal LN.Web.API, normally 'Services Server' -->
	<!-- Requires configuration of SuWebApiUser, SuWebApiPassword, SuWebApiEncKey and EnvironmentType (Primary / Secondary) -->
	<globalSymbol name="SearchCoreEspWlmUrl"></globalSymbol>
	<globalSymbol name="SearchCoreEspWlmSystemUser">system_user</globalSymbol>


	<globalSymbol name="WLDeployBase">D:\_files</globalSymbol>

	<!-- Locking configuration values.  LockWindowSize controls the number of potential locks that are queried at once.  LockMaxAttemptCount is the maximum number of attempts to lock any result -->
	<globalSymbol name="LockMaxAttemptCount">100</globalSymbol>
	<globalSymbol name="LockWindowSize">100</globalSymbol>
	<globalSymbol name="FuzzyMatchPageSize">1000</globalSymbol>

	<!-- Batch -->
	<globalSymbol name="BatchBasePath">D:\LexisNexisBridger5\Batch</globalSymbol>
	<globalSymbol name="BatchSourceDirectory">D:\LexisNexisBridger5\Bridger\Bridger5FTP</globalSymbol>
	<globalSymbol name="BatchStartDirectory">D:\LexisNexisBridger5\Bridger\Bridger5Start</globalSymbol>
	<globalSymbol name="BatchOutputDirectory">D:\LexisNexisBridger5\Bridger\Bridger5Output</globalSymbol>
	<globalSymbol name="SystemUtilOutputDirectory">D:\LexisNexisBridger5\Bridger\Bridger5Export</globalSymbol>
  <globalSymbol name="SystemUtilIntermediateDirectory"></globalSymbol>
	<globalSymbol name="SUListDirectory">D:\LexisNexisBridger5\Bridger\Bridger5ALImport\</globalSymbol> 
	<globalSymbol name="BatchLogInvalidDirectoryDuration">00:00:30</globalSymbol>
	<globalSymbol name="ResultsMaxDegreeOfParallelism">2</globalSymbol>
	<globalSymbol name="DnsCheck"></globalSymbol>
	<globalSymbol name="MaxDurationBeforeCheckingForADispatcher">00:01:00</globalSymbol>
	<globalSymbol name="DispatcherErrorBody">The batch server {0} found {1} active Dispatcher(s).  The following are the list of those Dispatchers: {2}</globalSymbol>
	<globalSymbol name="DispatcherErrorRecipients"></globalSymbol>
	<globalSymbol name="TimeToCheckBatchDispatcher">00:01:00</globalSymbol>
	<globalSymbol name="TimeToSetBatchDispatcher">00:10:00</globalSymbol>
	<globalSymbol name="CanSetupFtp">false</globalSymbol>
	<globalSymbol name="CertThumbPrint">BDBAD56EF591852378C6AE41F081AEE02E8EA18B</globalSymbol>
	<!-- <globalSymbol name="BatchHostUrl">https://{0}:443/LN.Batch/</globalSymbol> -->
	<globalSymbol name="BatchHostUrl">http://{0}:8000/LN.Batch/</globalSymbol>

	<globalSymbol name="AcceptListMaxUniqueIdentifierCount">1000</globalSymbol>
	<!-- Setting this to the default that XG 4 uses.  This determines how many errors a batch can withstand before failing -->
	<globalSymbol name="MaxRunErrorsBeforeTerminate">100000</globalSymbol>  

	<globalSymbol name="FraudPointMaxTaskCount">0</globalSymbol>
	<globalSymbol name="InstantIdMaxTaskCount">0</globalSymbol>
	<globalSymbol name="InstantIdInternationalMaxTaskCount">4</globalSymbol>
	<globalSymbol name="BatchRunExpiresInMinutes">120</globalSymbol>

  <!-- System utilities -->
	<globalSymbol name="SuPdfMaxRecordSize">10000</globalSymbol>
	<globalSymbol name="SuXmlFileChunkSize">10</globalSymbol>
	<globalSymbol name="SuExcelFileChunkSize">10</globalSymbol>
	<globalSymbol name="SuResultsPageSize">1000</globalSymbol>
	<globalSymbol name="SuMaxConcurrentExports">8</globalSymbol>
	<globalSymbol name="SuMaxConcurrentImports">8</globalSymbol>
	<globalSymbol name="SuParallelLimit">10</globalSymbol>
	<globalSymbol name="SuClientEndpoint">http://KIOBANQALXWB206.produccion.bancoazteca:12505</globalSymbol>
	<globalSymbol name="SuServerEndpoint">http://{0}:12505</globalSymbol>
	<globalSymbol name="SuMaxExportChunkSizeInBytes">26214400</globalSymbol>
	<globalSymbol name="SuMaxExportChunkDownloadThreads">24</globalSymbol>
	<globalSymbol name="SuProxyTimeout">00:10:00</globalSymbol>
	<globalSymbol name="SuBatchNotificationThreshold">30</globalSymbol>
	<globalSymbol name="SuBatchAlertDelayResend">10</globalSymbol>
	<globalSymbol name="SuMonitorHostUrl">http://{0}:8080</globalSymbol>
  
	<globalSymbol name="SuWebApiUser"></globalSymbol>
	<globalSymbol name="SuWebApiPassword"></globalSymbol>
	<globalSymbol name="SuWebApiEncKey"></globalSymbol>

	<globalSymbol name="Aud.IT.ExportPath">D:\LexisNexisBridger5\Logs\Aud.IT</globalSymbol>
	<globalSymbol name="Aud.IT.PeriodDays">0</globalSymbol>
	<globalSymbol name="Aud.IT.FileName">BridgerXG5</globalSymbol>
	<globalSymbol name="Aud.IT.EmailAddress"></globalSymbol>

	<!-- System utilites feature activations  -->
	<globalSymbol name="UseSystemUtilitiesProxy">true</globalSymbol>
	<globalSymbol name="SuEnableMonitorServices">true</globalSymbol>
	<globalSymbol name="SuEnableAuditServices">true</globalSymbol>
	<globalSymbol name="SuEnableNotificationServices">true</globalSymbol>
	<globalSymbol name="SuEnableDispatcherServices">true</globalSymbol>
	<globalSymbol name="SuEnableFileCleanupServices">true</globalSymbol>
  <globalSymbol name="SuEnableUserRolePrivilegesUpgradeServices">true</globalSymbol>
  <globalSymbol name="SuTimeToCheckRolePrivilegesUpgrade">24:00:00</globalSymbol>

  <!-- Results -->
	<globalSymbol name="ResultsServiceMaxParallelQueries">10</globalSymbol>
	<globalSymbol name="ResultsServiceDefaultIntervalInSeconds">60</globalSymbol>
	<globalSymbol name="ResultsServiceServerEndpoint">http://{0}:80/LN.ResultsService</globalSymbol>
	<globalSymbol name="ResultServiceResultContextCommandTimeout">00:10:00</globalSymbol>
	<globalSymbol name="ResultsServiceMinimumCacheRefreshInterval">1.00:00:00</globalSymbol>

	<!-- Environment Type -->
	<globalSymbol name="EnvironmentType">Primary</globalSymbol>

	<!-- Results Retention Threshold>-->
	<globalSymbol name="ResultsThreshold">29</globalSymbol>

	<!-- Query Logging Threshold Seconds>-->
	<globalSymbol name="QueryLoggingThreshold">2</globalSymbol>
	<globalSymbol name="QueryCountCacheSeconds">15</globalSymbol>
  
	<!-- Query MySql Replacement>-->
	<globalSymbol name="QueryMySqlExistsToInOptimizer">true</globalSymbol>

	<!-- Diligence Providers -->
	<globalSymbol name="ProviderBindingConfig">HttpSoapServiceBinding</globalSymbol>
	<globalSymbol name="ThreatMetrixUrl"></globalSymbol>
	<globalSymbol name="BusIIDUrl">https://bridger.accurint.com/WsIdentity/BusinessInstantID?ver_=1.49</globalSymbol>
	<globalSymbol name="IIDUrl">https://bridger.accurint.com/WsIdentity/InstantID?ver_=1.83</globalSymbol>
	<globalSymbol name="FPUrl">https://bridger.accurint.com/WsIdentity/FraudPoint?ver_=1.73</globalSymbol>

	<globalSymbol name="AmlUrl">https://risk.nexis.com/AMLSolutions/Gateway/Bridger.aspx</globalSymbol>
	<!--new aml portal-->
	<globalSymbol name="AmlInsightUrl">https://amlinsight.lexisnexis.com/app/bps/main</globalSymbol>
	<globalSymbol name="AmlUsername">aml</globalSymbol>
	<globalSymbol name="AmlPassword">bar</globalSymbol>
	<globalSymbol name="LNDiligenceUrl">http://www.lexisnexis.com/dd/api/version1/sf</globalSymbol>

	<globalSymbol name="DocRepositoryUrl">https://r3.lexisnexis.com/riagwebservices/wsExportRepository/wsExportRepository.asmx</globalSymbol>
	<globalSymbol name="PercentOfProcessorCount">100</globalSymbol>
	<globalSymbol name="MaxTasksPerFunction">16</globalSymbol>
	<globalSymbol name="EnvironmentName">ENT</globalSymbol>
	<globalSymbol name="Domain"></globalSymbol>
	<globalSymbol name="XgAuthUrl">https://KIOBANQALXWB206.produccion.bancoazteca/XgAuth/</globalSymbol>

	<globalSymbol name="UseAdvancedRules">false</globalSymbol>
  <globalSymbol name="UseIMDSConfidenceRules">true</globalSymbol>
	<globalSymbol name="CaptchaValidation">true</globalSymbol>
	<globalSymbol name="CaptchaBypassUsers">monitorclient\monitoringuser</globalSymbol>
	<globalSymbol name="CaptchaValue"></globalSymbol>

	<globalSymbol name="Compilation">debug=&quot;false&quot; batch=&quot;false&quot;</globalSymbol>
	<globalSymbol name="CWLInterval">60000</globalSymbol>


	<globalSymbol name="ShouldParallelProcessAcceptListImport">true</globalSymbol>
	<globalSymbol name="DoNotCompressAlertAttachmentTypes">gif jfif jpeg jpg png</globalSymbol>

	<!-- Throttled Email Log Configuration -->
	<globalSymbol name="ThrottledInitialMaxLogEventCount">25</globalSymbol>
	<globalSymbol name="ThrottledErroredMaxLogEventCount">100</globalSymbol>
	<globalSymbol name="ThrottledTimeBetweenEmails">00:10:00</globalSymbol>
	<globalSymbol name="ThrottledTimeUntilRecovered">00:09:00</globalSymbol>

	<globalSymbol name="DatabaseLoggingConnectionName">Misc</globalSymbol>
	<globalSymbol name="DatabaseLoggingTableName">logtable</globalSymbol>
	<globalSymbol name="DatabaseLoggingConfigTableName">logconfig</globalSymbol>
	<globalSymbol name="DatabaseLoggingRefreshConfig">00:01:00</globalSymbol>
	<globalSymbol name="DatabaseLoggingEnabled">false</globalSymbol>

	<globalSymbol name="HQTemporaryPath">D:\LexisNexisBridger5\XgHQ\</globalSymbol>

	<!--Enterprise Manager  -->
	<globalSymbol name="ClientHardDeletionEnabled">true</globalSymbol>

	<!--Watchlist OfflineMode && AutoScaling -->
	<globalSymbol name="PluginsExclusionList">LN.WatchlistManagement.Service.WatchlistManualUpdater.Process,LN.WatchlistManagement.Service.ManualDownloader.Process,LN.WatchlistManagement.Service.Autoscaler.Process</globalSymbol>
	<globalSymbol name="CwlPluginsExclusionList">LN.CustomWLManager.Service.Autoscaler.Process</globalSymbol>

	<!-- API -->
	<globalSymbol name="ApiForceGCIntervalSeconds">60</globalSymbol>
	<globalSymbol name="ServicePointManagerConnections">1000</globalSymbol>
	<globalSymbol name="InMemoryFirstCacheTimeout">2</globalSymbol><!-- 2 secs needed as its not central cache -->
	<globalSymbol name="ApiWriteStatisticsForNonResult">1</globalSymbol><!--  0 - Nothing, 1 - only PdsRunStatus, 2 = PdsRunStatus and ButchRunId-->
	<globalSymbol name="ApiFullSearchResponse">true</globalSymbol>
  <globalSymbol name="ShouldPerformanceLog">false</globalSymbol>
  <globalSymbol name="ShouldLogLongTransactions">false</globalSymbol>
  <globalSymbol name="LimitToLogLongSearches">300</globalSymbol>
  
  <!-- Search Monitoring Configuration -->
  <globalSymbol name="ApiSearchMonitoring">false</globalSymbol>
  <globalSymbol name="ApiSearchMonitoringType">0</globalSymbol>
  <globalSymbol name="ApiSearchMonitoringThreshold">120000</globalSymbol>
  <globalSymbol name="ApiSearchMonitoringCacheTimeout">7200</globalSymbol>
  <globalSymbol name="ApiSearchMonitoringRecordCount">5</globalSymbol>
  <globalSymbol name="ApiDuplicateMatchSuppression">false</globalSymbol>
  <globalSymbol name="ApiDuplicateMatchSuppressionSameDivisionOnly">false</globalSymbol>


  <globalSymbol name="ClientCredentialType">None</globalSymbol>
	<globalSymbol name="ApiServiceV90">
		<service behaviorConfiguration="LN.Webservices.WCF.Behavior" name="LN.Webservices.WCF.XGServices">
			<endpoint address="Account" binding="basicHttpBinding" behaviorConfiguration="WCFBehaviorWebServices" bindingConfiguration="BridgerInsight.WCF.Web.Services.basicHttpBinding" contract="BridgerInsight.WCF.Web.Services.Interfaces.V90.IAccountXml" bindingNamespace="https://bridgerinsight.lexisnexis.com/BridgerInsight.Web.Services.Interfaces.9.0"/>
			<endpoint address="ListMaintenance" binding="basicHttpBinding" behaviorConfiguration="WCFBehaviorWebServices" bindingConfiguration="BridgerInsight.WCF.Web.Services.basicHttpBinding" contract="BridgerInsight.WCF.Web.Services.Interfaces.V90.IListMaintenanceXml" bindingNamespace="https://bridgerinsight.lexisnexis.com/BridgerInsight.Web.Services.Interfaces.9.0"/>
			<endpoint address="Results" binding="basicHttpBinding" behaviorConfiguration="WCFBehaviorWebServices" bindingConfiguration="BridgerInsight.WCF.Web.Services.basicHttpBinding" contract="BridgerInsight.WCF.Web.Services.Interfaces.V90.IResultsXml" bindingNamespace="https://bridgerinsight.lexisnexis.com/BridgerInsight.Web.Services.Interfaces.9.0"/>
			<endpoint address="Search" binding="basicHttpBinding" behaviorConfiguration="WCFBehaviorWebServices" bindingConfiguration="BridgerInsight.WCF.Web.Services.basicHttpBinding" contract="BridgerInsight.WCF.Web.Services.Interfaces.V90.ISearchXml" bindingNamespace="https://bridgerinsight.lexisnexis.com/BridgerInsight.Web.Services.Interfaces.9.0"/>
			<endpoint address="mex" binding="basicHttpBinding" bindingConfiguration="BridgerInsight.WCF.Web.Services.basicHttpBinding" contract="IMetadataExchange"/>
		</service>
	</globalSymbol>
	<globalSymbol name="ApiServiceV100">
		<service behaviorConfiguration="LN.Webservices.WCF.Behavior" name="LN.Webservices.WCF.V10.XGServices">
			<endpoint address="Account" binding="basicHttpBinding" behaviorConfiguration="WCFBehaviorWebServices" bindingConfiguration="BridgerInsight.WCF.Web.Services.basicHttpBinding" contract="BridgerInsight.WCF.Web.Services.Interfaces.V100.IAccountXml" bindingNamespace="https://bridgerinsight.lexisnexis.com/BridgerInsight.Web.Services.Interfaces.10.0"/>
			<endpoint address="ListMaintenance" binding="basicHttpBinding" behaviorConfiguration="WCFBehaviorWebServices" bindingConfiguration="BridgerInsight.WCF.Web.Services.basicHttpBinding" contract="BridgerInsight.WCF.Web.Services.Interfaces.V100.IListMaintenanceXml" bindingNamespace="https://bridgerinsight.lexisnexis.com/BridgerInsight.Web.Services.Interfaces.10.0"/>
			<endpoint address="Results" binding="basicHttpBinding" behaviorConfiguration="WCFBehaviorWebServices" bindingConfiguration="BridgerInsight.WCF.Web.Services.basicHttpBinding" contract="BridgerInsight.WCF.Web.Services.Interfaces.V100.IResultsXml" bindingNamespace="https://bridgerinsight.lexisnexis.com/BridgerInsight.Web.Services.Interfaces.10.0"/>
			<endpoint address="Search" binding="basicHttpBinding" behaviorConfiguration="WCFBehaviorWebServices" bindingConfiguration="BridgerInsight.WCF.Web.Services.basicHttpBinding" contract="BridgerInsight.WCF.Web.Services.Interfaces.V100.ISearchXml" bindingNamespace="https://bridgerinsight.lexisnexis.com/BridgerInsight.Web.Services.Interfaces.10.0"/>
			<endpoint address="mex" binding="basicHttpBinding" bindingConfiguration="BridgerInsight.WCF.Web.Services.basicHttpBinding" contract="IMetadataExchange"/>
		</service>
	</globalSymbol>
	<globalSymbol name="ApiServiceV101">
		<service behaviorConfiguration="LN.Webservices.WCF.Behavior" name="LN.Webservices.WCF.V101.XGServices">
			<endpoint address="Account" binding="basicHttpBinding" behaviorConfiguration="WCFBehaviorWebServices" bindingConfiguration="BridgerInsight.WCF.Web.Services.basicHttpBinding" contract="BridgerInsight.WCF.Web.Services.Interfaces.V101.IAccountXml" bindingNamespace="https://bridgerinsight.lexisnexis.com/BridgerInsight.Web.Services.Interfaces.10.1"/>
			<endpoint address="ListMaintenance" binding="basicHttpBinding" behaviorConfiguration="WCFBehaviorWebServices" bindingConfiguration="BridgerInsight.WCF.Web.Services.basicHttpBinding" contract="BridgerInsight.WCF.Web.Services.Interfaces.V101.IListMaintenanceXml" bindingNamespace="https://bridgerinsight.lexisnexis.com/BridgerInsight.Web.Services.Interfaces.10.1"/>
			<endpoint address="Results" binding="basicHttpBinding" behaviorConfiguration="WCFBehaviorWebServices" bindingConfiguration="BridgerInsight.WCF.Web.Services.basicHttpBinding" contract="BridgerInsight.WCF.Web.Services.Interfaces.V101.IResultsXml" bindingNamespace="https://bridgerinsight.lexisnexis.com/BridgerInsight.Web.Services.Interfaces.10.1"/>
			<endpoint address="Search" binding="basicHttpBinding" behaviorConfiguration="WCFBehaviorWebServices" bindingConfiguration="BridgerInsight.WCF.Web.Services.basicHttpBinding" contract="BridgerInsight.WCF.Web.Services.Interfaces.V101.ISearchXml" bindingNamespace="https://bridgerinsight.lexisnexis.com/BridgerInsight.Web.Services.Interfaces.10.1"/>
			<endpoint address="mex" binding="basicHttpBinding" behaviorConfiguration="WCFBehaviorWebServices" bindingConfiguration="BridgerInsight.WCF.Web.Services.basicHttpBinding" contract="IMetadataExchange"/>
		</service>
	</globalSymbol>
	<globalSymbol name="ApiServiceV102">
  	<service behaviorConfiguration="LN.Webservices.WCF.Behavior" name="LN.Webservices.WCF.V102.XGServices">
    	<endpoint address="Account" binding="basicHttpBinding" behaviorConfiguration="WCFBehaviorWebServices" bindingConfiguration="BridgerInsight.WCF.Web.Services.basicHttpBinding" contract="BridgerInsight.WCF.Web.Services.Interfaces.V102.IAccountXml" bindingNamespace="https://bridgerinsight.lexisnexis.com/BridgerInsight.Web.Services.Interfaces.10.2"/>
    	<endpoint address="ListMaintenance" binding="basicHttpBinding" behaviorConfiguration="WCFBehaviorWebServices" bindingConfiguration="BridgerInsight.WCF.Web.Services.basicHttpBinding" contract="BridgerInsight.WCF.Web.Services.Interfaces.V102.IListMaintenanceXml" bindingNamespace="https://bridgerinsight.lexisnexis.com/BridgerInsight.Web.Services.Interfaces.10.2"/>
    	<endpoint address="Results" binding="basicHttpBinding" behaviorConfiguration="WCFBehaviorWebServices" bindingConfiguration="BridgerInsight.WCF.Web.Services.basicHttpBinding" contract="BridgerInsight.WCF.Web.Services.Interfaces.V102.IResultsXml" bindingNamespace="https://bridgerinsight.lexisnexis.com/BridgerInsight.Web.Services.Interfaces.10.2"/>
    	<endpoint address="Search" binding="basicHttpBinding" behaviorConfiguration="WCFBehaviorWebServices" bindingConfiguration="BridgerInsight.WCF.Web.Services.basicHttpBinding" contract="BridgerInsight.WCF.Web.Services.Interfaces.V102.ISearchXml" bindingNamespace="https://bridgerinsight.lexisnexis.com/BridgerInsight.Web.Services.Interfaces.10.2"/>
    	<endpoint address="mex" binding="basicHttpBinding" behaviorConfiguration="WCFBehaviorWebServices" bindingConfiguration="BridgerInsight.WCF.Web.Services.basicHttpBinding" contract="IMetadataExchange"/>
  	</service>
	</globalSymbol>
	<globalSymbol name="ApiServiceV110">
		<service behaviorConfiguration="LN.Webservices.WCF.Behavior" name="LN.Webservices.WCF.V11.XGServices">
			<endpoint address="Account" binding="basicHttpBinding" behaviorConfiguration="WCFBehaviorWebServices" bindingConfiguration="BridgerInsight.WCF.Web.Services.basicHttpBinding" contract="BridgerInsight.WCF.Web.Services.Interfaces.V110.IAccountXml" bindingNamespace="https://bridgerinsight.lexisnexis.com/BridgerInsight.Web.Services.Interfaces.11.0"/>
			<endpoint address="ListMaintenance" binding="basicHttpBinding" behaviorConfiguration="WCFBehaviorWebServices" bindingConfiguration="BridgerInsight.WCF.Web.Services.basicHttpBinding" contract="BridgerInsight.WCF.Web.Services.Interfaces.V110.IListMaintenanceXml" bindingNamespace="https://bridgerinsight.lexisnexis.com/BridgerInsight.Web.Services.Interfaces.11.0"/>
			<endpoint address="Results" binding="basicHttpBinding" behaviorConfiguration="WCFBehaviorWebServices" bindingConfiguration="BridgerInsight.WCF.Web.Services.basicHttpBinding" contract="BridgerInsight.WCF.Web.Services.Interfaces.V110.IResultsXml" bindingNamespace="https://bridgerinsight.lexisnexis.com/BridgerInsight.Web.Services.Interfaces.11.0"/>
			<endpoint address="Search" binding="basicHttpBinding" behaviorConfiguration="WCFBehaviorWebServices" bindingConfiguration="BridgerInsight.WCF.Web.Services.basicHttpBinding" contract="BridgerInsight.WCF.Web.Services.Interfaces.V110.ISearchXml" bindingNamespace="https://bridgerinsight.lexisnexis.com/BridgerInsight.Web.Services.Interfaces.11.0"/>
			<endpoint address="mex" binding="basicHttpBinding" bindingConfiguration="BridgerInsight.WCF.Web.Services.basicHttpBinding" contract="IMetadataExchange"/>
		</service>
	</globalSymbol>
	<globalSymbol name="ApiServiceV111">
		<service behaviorConfiguration="LN.Webservices.WCF.Behavior" name="LN.Webservices.WCF.V111.XGServices">
			<endpoint address="Account" binding="basicHttpBinding" behaviorConfiguration="WCFBehaviorWebServices" bindingConfiguration="BridgerInsight.WCF.Web.Services.basicHttpBinding" contract="BridgerInsight.WCF.Web.Services.Interfaces.V111.IAccountXml" bindingNamespace="https://bridgerinsight.lexisnexis.com/BridgerInsight.Web.Services.Interfaces.11.1"/>
			<endpoint address="ListMaintenance" binding="basicHttpBinding" behaviorConfiguration="WCFBehaviorWebServices" bindingConfiguration="BridgerInsight.WCF.Web.Services.basicHttpBinding" contract="BridgerInsight.WCF.Web.Services.Interfaces.V111.IListMaintenanceXml" bindingNamespace="https://bridgerinsight.lexisnexis.com/BridgerInsight.Web.Services.Interfaces.11.1"/>
			<endpoint address="Results" binding="basicHttpBinding" behaviorConfiguration="WCFBehaviorWebServices" bindingConfiguration="BridgerInsight.WCF.Web.Services.basicHttpBinding" contract="BridgerInsight.WCF.Web.Services.Interfaces.V111.IResultsXml" bindingNamespace="https://bridgerinsight.lexisnexis.com/BridgerInsight.Web.Services.Interfaces.11.1"/>
			<endpoint address="Search" binding="basicHttpBinding" behaviorConfiguration="WCFBehaviorWebServices" bindingConfiguration="BridgerInsight.WCF.Web.Services.basicHttpBinding" contract="BridgerInsight.WCF.Web.Services.Interfaces.V111.ISearchXml" bindingNamespace="https://bridgerinsight.lexisnexis.com/BridgerInsight.Web.Services.Interfaces.11.1"/>
			<endpoint address="mex" binding="basicHttpBinding" bindingConfiguration="BridgerInsight.WCF.Web.Services.basicHttpBinding" contract="IMetadataExchange"/>
		</service>
	</globalSymbol>
	<globalSymbol name="ApiServiceV112">
		<service behaviorConfiguration="LN.Webservices.WCF.Behavior" name="LN.Webservices.WCF.V112.XGServices">
			<endpoint address="Account" binding="basicHttpBinding" behaviorConfiguration="WCFBehaviorWebServices" bindingConfiguration="BridgerInsight.WCF.Web.Services.basicHttpBinding" contract="BridgerInsight.WCF.Web.Services.Interfaces.V112.IAccountXml" bindingNamespace="https://bridgerinsight.lexisnexis.com/BridgerInsight.Web.Services.Interfaces.11.2"/>
			<endpoint address="ListMaintenance" binding="basicHttpBinding" behaviorConfiguration="WCFBehaviorWebServices" bindingConfiguration="BridgerInsight.WCF.Web.Services.basicHttpBinding" contract="BridgerInsight.WCF.Web.Services.Interfaces.V112.IListMaintenanceXml" bindingNamespace="https://bridgerinsight.lexisnexis.com/BridgerInsight.Web.Services.Interfaces.11.2"/>
			<endpoint address="Results" binding="basicHttpBinding" behaviorConfiguration="WCFBehaviorWebServices" bindingConfiguration="BridgerInsight.WCF.Web.Services.basicHttpBinding" contract="BridgerInsight.WCF.Web.Services.Interfaces.V112.IResultsXml" bindingNamespace="https://bridgerinsight.lexisnexis.com/BridgerInsight.Web.Services.Interfaces.11.2"/>
			<endpoint address="Search" binding="basicHttpBinding" behaviorConfiguration="WCFBehaviorWebServices" bindingConfiguration="BridgerInsight.WCF.Web.Services.basicHttpBinding" contract="BridgerInsight.WCF.Web.Services.Interfaces.V112.ISearchXml" bindingNamespace="https://bridgerinsight.lexisnexis.com/BridgerInsight.Web.Services.Interfaces.11.2"/>
			<endpoint address="mex" binding="basicHttpBinding" bindingConfiguration="BridgerInsight.WCF.Web.Services.basicHttpBinding" contract="IMetadataExchange"/>
		</service>
	</globalSymbol>
	<globalSymbol name="ApiServiceV113">
  	<service behaviorConfiguration="LN.Webservices.WCF.Behavior" name="LN.Webservices.WCF.V113.XGServices">
    	<endpoint address="Account" binding="basicHttpBinding" behaviorConfiguration="WCFBehaviorWebServices" bindingConfiguration="BridgerInsight.WCF.Web.Services.basicHttpBinding" contract="BridgerInsight.WCF.Web.Services.Interfaces.V113.IAccountXml" bindingNamespace="https://bridgerinsight.lexisnexis.com/BridgerInsight.Web.Services.Interfaces.11.3"/>
    	<endpoint address="ListMaintenance" binding="basicHttpBinding" behaviorConfiguration="WCFBehaviorWebServices" bindingConfiguration="BridgerInsight.WCF.Web.Services.basicHttpBinding" contract="BridgerInsight.WCF.Web.Services.Interfaces.V113.IListMaintenanceXml" bindingNamespace="https://bridgerinsight.lexisnexis.com/BridgerInsight.Web.Services.Interfaces.11.3"/>
    	<endpoint address="Results" binding="basicHttpBinding" behaviorConfiguration="WCFBehaviorWebServices" bindingConfiguration="BridgerInsight.WCF.Web.Services.basicHttpBinding" contract="BridgerInsight.WCF.Web.Services.Interfaces.V113.IResultsXml" bindingNamespace="https://bridgerinsight.lexisnexis.com/BridgerInsight.Web.Services.Interfaces.11.3"/>
    	<endpoint address="Search" binding="basicHttpBinding" behaviorConfiguration="WCFBehaviorWebServices" bindingConfiguration="BridgerInsight.WCF.Web.Services.basicHttpBinding" contract="BridgerInsight.WCF.Web.Services.Interfaces.V113.ISearchXml" bindingNamespace="https://bridgerinsight.lexisnexis.com/BridgerInsight.Web.Services.Interfaces.11.3"/>
    	<endpoint address="mex" binding="basicHttpBinding" bindingConfiguration="BridgerInsight.WCF.Web.Services.basicHttpBinding" contract="IMetadataExchange"/>
  	</service>
	</globalSymbol>
	<globalSymbol name="ApiServiceV120">
		<service behaviorConfiguration="LN.Webservices.WCF.Behavior" name="LN.Webservices.WCF.V12.XGServices">
			<endpoint address="Account" binding="basicHttpBinding" behaviorConfiguration="WCFBehaviorWebServices" bindingConfiguration="BridgerInsight.WCF.Web.Services.basicHttpBinding" contract="BridgerInsight.WCF.Web.Services.Interfaces.V120.IAccountXml" bindingNamespace="https://bridgerinsight.lexisnexis.com/BridgerInsight.Web.Services.Interfaces.12.0"/>
			<endpoint address="ListMaintenance" binding="basicHttpBinding" behaviorConfiguration="WCFBehaviorWebServices" bindingConfiguration="BridgerInsight.WCF.Web.Services.basicHttpBinding" contract="BridgerInsight.WCF.Web.Services.Interfaces.V120.IListMaintenanceXml" bindingNamespace="https://bridgerinsight.lexisnexis.com/BridgerInsight.Web.Services.Interfaces.12.0"/>
			<endpoint address="Results" binding="basicHttpBinding" behaviorConfiguration="WCFBehaviorWebServices" bindingConfiguration="BridgerInsight.WCF.Web.Services.basicHttpBinding" contract="BridgerInsight.WCF.Web.Services.Interfaces.V120.IResultsXml" bindingNamespace="https://bridgerinsight.lexisnexis.com/BridgerInsight.Web.Services.Interfaces.12.0"/>
			<endpoint address="Search" binding="basicHttpBinding" behaviorConfiguration="WCFBehaviorWebServices" bindingConfiguration="BridgerInsight.WCF.Web.Services.basicHttpBinding" contract="BridgerInsight.WCF.Web.Services.Interfaces.V120.ISearchXml" bindingNamespace="https://bridgerinsight.lexisnexis.com/BridgerInsight.Web.Services.Interfaces.12.0"/>
			<endpoint address="mex" binding="basicHttpBinding" behaviorConfiguration="WCFBehaviorWebServices" bindingConfiguration="BridgerInsight.WCF.Web.Services.basicHttpBinding" contract="IMetadataExchange"/>
		</service>
	</globalSymbol>
</config>
